,3.39E+84,33913713eb2,339137181b6,50987509508,943442341a4,85182473a5b,85182473f36,85182478be5,8518247fafd,6.51E+76,6506275974f,6506275cac6,522127254de,5221272c4e4,8.92E+15,42150224462,42150229feb,4215022ff49,28653383758,28653388ce4,2865338c087,2865338d28b,6839616a0de,86246411ed9,8624641393a,862464147db,9.55E+97,95480090a67,9548009885e,2.23E+89,22331602d45,2233160b833,2233160ff4c,17078171574,1707817506c,170781772c1,6643620726e,66436208e4f,6643620f8a3,120492525a2,12049255db0,44348581d49,44348583fb2,67092352bbe,67092352f6f,67092358eb1,67092359a83,77836683cc1,77836684f59,7783668970c,30364460efd,30364461ca4,782461506ca,7824615525e,782461574a8,7824615d016,5.46E+10,55317781b6c,55317782dac,553177859a7,5531778f163,30825654d96,308256575f3,3082565ddbf,263978634bc,2639786ee80,12146222cf3,1214622532a,1214622b494,846240755d9,84624078fc7,8462407c855,8462407edc5,42288560688,4228856bbfb,4228856cebf,6060527517a,60605276afd,6060527c5a8,23003336093,23003337c4f,2300333ebd3,581534526b5,58153452ac8,58153452ebe,5815345338e,8.27E+74,826991637c9,8269916e541,8269916f697,3431226b5a3,3431226bcbb,3431226e448,524690024a,5246908641,524690968c,524690d85e,73225413c46,73225416158,7322541997e,44514183995,44514185a0d,44514187305,445141881fa,601124907a7,60112494194,60112498369,1.46E+11,14581833c6b,14581833d40,1458183cfb4,6026628da93,79591830181,7959183967a,79591839a68,7959183aaee,98153680379,9815368351e,9815368c664,9815368da11,47300566d00,4730056b96b,4730056baef,412308622c9,4123086a480,4123086c9f2,7028651554,7028652149,702865e1a4,702865f64b,11029522afc,110295237d6,11029528be0,430338014f8,430338020c8,4303380291f,43033806b94,9.44E+104,94400980a0a,9440098782e,9440098b77f,55824645612,55824647f8a,5582464d2b8,16424703499,1642470ee3b,54432400811,544324034ba,5443240685e,5443240895d,84267388be3,84267389e1d
B Cell (CD27-),0.0103612389560953,0.0137151098296831,0.0218202580770469,0.00906115246008993,0.0166555794199095,0.0220758556459878,0.0287914633731176,0.0132174815009827,0.0195702588248298,0.0642478315381254,0.116236246730038,0.0965125779997102,0.0341783356747974,0.0515859311072232,0.0171848473048344,0.0384962169371396,0.0547834369066905,0.0455560618434888,0.0333449743661827,0.0131068522212877,0.104366676582316,0.0221630909425075,0.0100986884461914,0.101487323031773,0.0778176557849078,0.108994857860632,0.106056626947349,0.216710374488802,0.0968199781618964,0.0103664420868623,0.0249211534871373,0.0758244847692337,0.0866846341538704,0.121825862232144,0.131067679575594,0.108643201301014,0.127830657829018,0.127664318456601,0.132165757132185,0.00807067877951417,0.00539263349610752,0.0511696463787337,0.0325362471217608,0.101371198591089,0.0312555037307875,0.0719995024600544,0.0250811581606162,0.0600242212542955,0.0925093957159558,0.0146645010975248,0.151519885631311,0.134782746597506,0.0342492084769991,0.0717157010143155,0.0390066168142535,0.0505484400732747,0.0596455271090711,0.0866326406610767,0.169188179352706,0.173468052886435,0.112144290165066,0.534890629520352,0.594407728250061,0.414844912987991,0.233560917327137,0.0562558348253283,0.0312793130479931,0.192247520262872,0.0291164087165899,0.010588715550533,0.0397697316454364,0.0380646457880467,0.019059900981455,0.0571144726098002,0.0790066298335066,0.0422848141576334,0.0382080028479753,0.114343796032959,0.0847552253473592,0.144130757612784,0.135652392645423,0.234822500540857,0.0597105663680732,0.0197931211768971,0.027270926193272,0.0797154291467063,0.0716985867353529,0.103269737284088,0.069198163168076,0.0727133142397344,0.165255053463744,0.102958053214794,0.186358842065429,0.0841501208554911,0.0782652064157484,0.0527565400399614,0.0688946444440838,0.116986635517304,0.115558713544352,0.0652499301063445,0.0136698932816662,0.00470854348220238,0.00470412235138447,0.0360415129965942,0.00412536384100365,0.00412536384100365,0.00478582570882018,0.341052783015907,0.239677023347874,0.12090863248702,0.310492247640121,0.084770720641857,0.219741365422871,0.216866176624791,0.272065546504682,0.0863665069827756,0.00914557917238269,0.0243989947584764,0.0232290445272481,0.0693280945233193,0.152572533383282,0.0794105818083875,0.139530706924971,0.0219086588556578,0.0313124503024897,0.0352849625361474,0.104887610081363,0.0988821519475945,0.0905957989733889,0.0985551469620193,0.0426243425209475,0.0964232755309166,0.102062752177315,0.106121325915169,0.114922007454102,0.247172033650418,0.0284858086622274,0.0676747581210086,0.113145962340863,0.0897416895120817,0.0885830401132656,0.0371557545790644,0.0334604160055318,0.0475605910515904,0.016833106245542,0.03903034194378,0.0411341037842808,0.145394013554807,0.146606096628257,0.0997431925038539,0.0159857029290272,0.0101645377336872
B Cell (CD27+)_unassigned,2.53412011729356e-06,2.53412011729356e-06,2.53412011729356e-06,8.55660781953805e-05,2.53412011729356e-06,0.00013257245541854,0.000755405238790199,0.000135476717815653,5.94843228600153e-05,0.000158990649479868,0.00230158091053784,0.00194053464390122,8.79725617201187e-05,8.10267476972481e-05,7.07044290261791e-05,0.000230271678858255,0.000183240682777294,0.000445423893874434,0.000542471487382691,2.53412011729356e-06,2.53412011729356e-06,0.000132927328079972,2.53412011729356e-06,0.00021983566947734,2.53412011729356e-06,0.000356598670510637,0.000931750439164972,0.00298391764694288,0.000801179381119002,0.000113191535824007,0.000115165181716245,0.000193281249372998,0.000178584554375031,0.000560813401865621,0.000252367112193243,2.53412011729356e-06,2.53412011729356e-06,0.00168812744105268,0.00105538616044266,0.000146113619461822,2.53412011729356e-06,0.00017403433301411,0.000140546738413824,0.000135585581465844,2.53412011729356e-06,8.59175827942601e-05,0.000141569983645869,6.56355556749525e-05,2.53412011729356e-06,4.03828010907616e-05,0.000639310871976971,0.000554582486677409,6.09514012472136e-05,2.53412011729356e-06,0.000412385183168488,4.44430101902749e-05,7.01866342538501e-05,7.77616834965157e-05,0.000776971935628996,0.000126928847623732,0.000621569179033282,0.00016713533036935,0.00728597806401792,0.00012043501262705,0.000211801527241802,5.32165224631648e-05,0.000449097741027995,0.000419504277721457,2.53412011729356e-06,2.53412011729356e-06,0.000387988296716168,0.000857175748094103,0.000189654397523105,4.23995344784104e-05,6.10749428991157e-05,0.000700953507303054,0.000492246754023092,0.00225393546324782,0.000887881619010609,2.53412011729356e-06,0.000695243138487235,2.53412011729356e-06,0.000364035901804646,0.000564196117152241,0.000614685093526706,0.000628166179903722,0.000132973865107592,0.000248030347417918,0.000297373562697312,2.53412011729356e-06,0.00037352377420863,2.53412011729356e-06,2.53412011729356e-06,0.000172165515679369,0.000517777503610184,2.53412011729356e-06,0.000787794777576779,0.00107064168483205,0.000221538380745637,2.53412011729356e-06,2.53412011729356e-06,6.81418297521502e-05,2.53412011729356e-06,8.68345669096616e-05,2.53412011729356e-06,2.53412011729356e-06,0.000146772918835846,0.000722095020628238,0.000380300166698753,0.00313389469628764,0.00187414091654218,0.000196480566654743,5.81466613632617e-05,0.000149552197686293,0.000410683730367871,0.000298281582915376,0.000204239200395916,0.00266015399139347,0.000511309121211433,0.000954960144418946,0.0001337190623674,9.49747847656724e-05,0.00089195007031,4.66067223840944e-05,0.000140107328717584,0.000871925392352168,0.000886017495152762,0.00037442451870411,0.000245063046128225,0.00025231963038565,0.000353612889426626,0.000339669051149119,0.00321578176684671,0.000973680839941465,0.00129140794999924,0.00105011682303032,2.53412011729356e-06,0.000532070775543795,0.000828629144989937,8.1503828653261e-05,0.000731997934560677,0.000315124568742474,0.000118705123834766,0.00064780124977224,5.37337269043134e-05,9.29355022539804e-05,0.000297724257293887,7.29103986196864e-05,0.000635702829586165,2.53412011729356e-06,7.99514770887266e-05,2.53412011729356e-06
B Cell (Memory),0.000930702065618331,0.00106736113897439,0.0010017716858187,0.00104006921585379,0.000892791360427992,0.00241738364729203,0.0032430918538212,0.00136442776837448,0.00217566105027967,0.00256524363629809,0.00207113701082275,0.00223816128573726,0.00177431758122693,0.00302780832794185,0.000880159408961112,0.00251074382875331,0.00178228025059295,0.00314587897182404,0.00139322295073646,0.00095972374701751,0.00396068984465399,0.00102408243818552,0.000947405342283077,0.0074018583552096,0.011552527263943,0.00415457054399641,0.00133463848870164,0.00156703305598964,0.00102211624573294,0.000995676595244264,0.00337428881387222,0.00265986747885974,0.00246511688675163,0.00381353100708512,0.00473889928746875,0.00328366056778803,0.0156884038996177,0.00606539707872359,0.0441679704588994,0.00151864904055095,0.00111117396679848,0.00314655760148144,0.00271518876673966,0.00287733590813158,0.00881755630203973,0.00228206623530491,0.00136578476421733,0.00268338256137179,0.00735282939135066,0.00124156571819763,0.00524002955048578,0.00311395358309679,0.00160061038512235,0.00193543572666118,0.00372007869141521,0.00161943477660821,0.00237568094251476,0.00325159234941905,0.00518045985888247,0.00401138057381717,0.00649071604562201,0.00458810835522242,0.01543950389421,0.00499593806336042,0.00356747927772858,0.00203759642409921,0.00311855899061177,0.00795735076674719,0.00332904329615369,0.000844766842128183,0.00133133375619535,0.00114057025443011,0.000891941212976661,0.00321103246403274,0.00254407008301043,0.00565223173256049,0.0150669858709254,0.0222210012891515,0.0160292164674635,0.0121642489219413,0.00985181371264554,0.0170272000326762,0.00303559293572352,0.0043226656546328,0.00141119303791246,0.0155813485067908,0.0074102880273908,0.00622919731833584,0.0053159638856281,0.0027882636645298,0.00478670494691269,0.00445753896549625,0.00411016050717832,0.0058705764183724,0.00535908298752264,0.00154171148502156,0.00559755694474512,0.015829895670413,0.00692859778358534,0.00490269659513923,0.00255289529238438,0.000850772968439975,0.000963230780391723,0.00161754054975616,0.000763296022260166,0.000763296022260166,0.00121878696558191,0.00745688579445499,0.00320908901615295,0.00255970814227368,0.00516621436058608,0.00560589635924212,0.0695251136872749,0.018716465110013,0.0198258901141273,0.00988477040119049,0.00282965251133671,0.00300519881869985,0.00195043769147983,0.00319464444454575,0.00239455226067454,0.00171081283490605,0.00194918395585044,0.00132889441801744,0.00175251290314797,0.00727988369998528,0.00474219560179946,0.00280869321448766,0.00249649054228951,0.00264211746906128,0.00194419733720974,0.00101373911388381,0.0022165906010714,0.0207484732565365,0.0231857144544847,0.0431080854207232,0.00248373685405591,0.00154760974775036,0.00206230051789324,0.00347458934866171,0.00229932145267347,0.00688775333050908,0.00286936389610595,0.017026215035767,0.00257576210252067,0.0017778004217941,0.00113951874611269,0.00465745009939257,0.00164528892632733,0.00228818165583765,0.00156843653476307,0.000892476212477996
B Cell (Plasmablast),0.0,0.0,0.0,0.0,0.0,3.12092004722992e-05,0.000769885155253084,9.24818070945106e-05,0.0,3.2370316419843e-05,0.000302868439456599,0.000328054142717336,0.0,7.06433648219591e-05,0.0,0.000218978421866309,3.5137387183889e-05,0.000315764005363887,0.0,0.0,0.0,0.0,0.0,8.14880810100176e-05,0.000342921486334323,9.95806547981279e-05,0.0,0.000192347324311328,4.43691811667616e-05,0.0,7.16743119266055e-05,0.000103548441595954,0.000125750310184098,0.000243612777490179,0.000325869120099064,0.000107535553942522,0.000117296632520314,0.000696395362639971,0.00101888907128261,0.000112366564704414,0.0,0.0,0.0,0.0,0.0,0.0,0.000123587434247623,4.50724539697564e-05,0.000277756493755268,0.0,0.000231555182494428,0.000142464094596159,0.0,0.0,0.000226881838474769,4.19088900729813e-05,0.0,8.68010346683333e-05,0.000473267553923818,0.000129001939636307,0.0,0.000337865642096326,0.000592149914138262,5.30554016293903e-05,0.000240657518193185,4.34420591536039e-05,0.000468171538051542,0.000221680336954112,0.000208258707296552,0.0,0.0,0.000115492111888758,0.000140340208054358,0.000191353988933361,3.58798591243426e-05,0.000327749880020133,0.000911409624213569,0.001796494907361,0.000455321570859419,0.000264400577450861,0.00020605901179359,0.000404072149327108,6.02502969478921e-05,0.00048329055558821,0.000138515913691181,0.000419944807253904,8.15248406189366e-05,0.000115527636376765,9.53892314229472e-05,4.69708989186255e-05,0.000355314034904379,0.000192895596719606,0.000185604291650202,0.000165046763249587,0.00052444415819812,0.000184708753875585,0.00046624851536657,0.000219904498617743,5.97284347168209e-05,0.0,0.0,0.000102056437209777,0.0,3.37201787169472e-05,0.0,0.0,0.000121464251552465,0.000295633548271938,0.000266373494384362,0.000263693522203819,0.00112882812003694,9.09123968144296e-05,0.00395466959971329,7.91635802294613e-05,0.000307784951992238,0.0,0.000268940107038163,0.00116549251338089,0.00016959166703138,0.000378604133883887,0.000188221873663197,4.62203323241894e-05,0.0,0.0,0.000196533155143273,0.000861697544161999,0.000561044187066319,0.000345326798687758,0.000153798831128883,9.23120364035231e-05,0.000175539384654666,0.0,0.000226660622383403,0.000332234404150374,0.000651080594476445,0.000508825884272042,0.0,0.000309728987136256,0.000945818941520853,5.92272814019756e-05,0.000284668805636442,0.000324167872648336,2.99796138625734e-05,0.000486684529993985,0.0,0.000130579774197437,0.0,0.0,0.00013107703108303,0.0,0.0,0.0
CD4- CD8- T Cell,0.00790129171296937,0.00750799773421752,0.0113174476089919,0.0492081305760284,0.0602303502791821,0.0198590028092038,0.0100763886078507,0.00887832347890013,0.0155151834522232,0.00914658442841513,0.0111919892153602,0.0125863411502879,0.0912216455514564,0.0369272299841312,0.0908401593540636,0.00416706012652037,0.00632722781535368,0.0051648426742403,0.014984821492503,0.00724045628027456,0.00957579348608376,0.00652707575029162,0.00796069921516141,0.0170674455722919,0.00881627095776453,0.0108045010455969,0.00588888632752555,0.00422405559008022,0.00725122072361029,0.01385978438402,0.0156889758033945,0.0478851871209499,0.0181195434755641,0.00607699180248276,0.00758042880393837,0.013055834028337,0.0181409849185247,0.0133899006749634,0.0202583060533112,0.0154967086770455,0.00931084236168775,0.0101244257724567,0.0209009353810206,0.00866020618346269,0.024677280889129,0.00568427473576225,0.0103551495017573,0.0201255247720313,0.0220645728411473,0.0149142027656052,0.0162506043268075,0.0298977195602481,0.00754404621242404,0.00956195339313569,0.0118366356665796,0.0115724600447613,0.0903626765326489,0.00780000022628576,0.00830190252799134,0.00575750745358022,0.00850274376658448,0.00441728137708251,0.00443635448112144,0.00794225627790497,0.0098792165186121,0.0106292594893878,0.0418144323449833,0.00739714670188943,0.0197909259971592,0.00722905345391275,0.0196046253223977,0.0118481259631404,0.00677718183421607,0.0370232465217012,0.00808137349775037,0.0130977543719919,0.0154847432057162,0.0148016462443823,0.0212695749881322,0.0140994017192156,0.013610207884417,0.00834901005618814,0.00939711525696528,0.00990601111649096,0.00623833506393236,0.00979613732032049,0.00861263421793803,0.0140528949376924,0.0241450141977477,0.0100391545527338,0.00787681586126488,0.0118310417240072,0.00797459512708553,0.0220897797123614,0.0117164432534081,0.0184708296229812,0.0252796580344188,0.0533858245031706,0.0353494504751895,0.0485222315884131,0.00876069276506859,0.0217932672080288,0.0193294130781705,0.0208140476373925,0.0320398899603354,0.0281158367503847,0.0174815376885253,0.0181911550398615,0.0202551975608933,0.0110787217830808,0.0139431566465934,0.0452676425883069,0.0141951851962985,0.00755440414876742,0.0085972005281952,0.0114104592055091,0.0164850600727399,0.0133497647353672,0.0208217345020639,0.0195275263982718,0.00569630526866955,0.0139338032012467,0.00792629963472955,0.00889563991419362,0.0276426265647334,0.0341668666405455,0.00694393745789516,0.00588477449604995,0.00967144584161769,0.00654193301496154,0.0367793411068566,0.0261367548082091,0.0352202412300255,0.00564113247075687,0.00956983525664129,0.00638096318610329,0.0145522998802396,0.00783809190691534,0.0123432230146334,0.0141630980084234,0.0165093285664879,0.0117561787762737,0.0100067952890276,0.0153884542248874,0.0194481146396303,0.00887160559842627,0.00742542208486586,0.0095695812170982,0.008403560005313,0.0137385082491754,0.0486680960860216,0.0272709469486584
CD4+ CD8+ T Cell,0.00180187157528996,0.00418407163221522,0.00309659661357846,0.00112352357504435,0.00299166867451593,0.011393854025122,0.020027094083449,0.0166619328323241,0.00717427350341799,0.00212659847637245,0.00166858429529643,0.000926270520613654,0.0047218627977839,0.00317596396046941,0.000745288440234901,0.00183535161089563,0.00429071234253924,0.00853692961494624,0.0018528983003683,0.00165617013700329,0.00207113514705625,0.00115969445482103,0.000166847666711163,0.00302113934626186,0.00309969211020222,0.00403839882915413,0.00165767970107823,0.00150732169425468,0.000443430750530076,0.000365014625578691,0.000863243113476142,0.00161913441588347,0.00178784575458205,0.00309434310485418,0.00318874512898519,0.00380113153589609,0.00243980297817139,0.000930429490661913,0.0010120527377477,0.00575607515917024,0.0153010408304954,0.00190695526011533,0.00195656868785257,0.00169985963903341,0.00470710091358581,0.00167008564223007,0.00240771780001501,0.00276197709440553,0.00282646196264665,0.0017541803421941,0.00140931888348595,0.00186942933204251,0.00860548521006973,0.00310266016120063,0.003864505529185,0.00273825105329231,0.000658618456769611,0.0137818185402041,0.0150452554353115,0.0140961051161269,0.00632596823963756,0.00224889801524756,0.00310962267552961,0.0030034205220241,0.000677142026580861,0.000927429989485834,0.00111009869897735,0.0193355755382978,0.00143527628477019,0.00248144348108074,0.00699242682977208,0.0067041532389476,0.00506127055797254,0.00134372062820163,0.000808915643469156,0.00181161640156637,0.00168328513074169,0.000684061241535502,0.00185274658205414,0.00459708606373305,0.00308676671970479,0.00281649203346799,0.0180761612780055,0.0207864162895989,0.0244899327588825,0.0188816323311329,0.00333771168103426,0.00399370918865986,0.00372092940396828,0.00368174329183833,0.000759961396233632,0.0015989635360115,0.00231925750154782,0.00355135183908295,0.00264332697425675,0.00168009994007012,0.00412746353881855,0.00186617396571909,0.000993126582752042,0.000993084622672383,0.00116699393657775,0.00330991411074209,0.000749141214493133,0.00241576068978784,0.00107500167195633,0.0011537736897851,0.000431275421852704,0.00350246283566322,0.00403971053579466,0.00259039869380984,0.00345502598923176,0.00390485457141533,0.0061244126295884,0.00971337399091342,0.00321563132099272,0.0128468601279988,0.00522568751563115,0.00570825326467649,0.00324446699787946,0.00412001824887294,0.00764713107739412,0.00421934480664767,0.00803238100601927,0.00312184484499415,0.00633972018978539,0.00319084290183509,0.00166275284363435,0.00232415044469839,0.0014756203174596,0.00191206932725345,0.00386607926773763,0.000901394087510149,0.00138407238764875,0.0128939126128606,0.0281535162346194,0.0109314854967325,0.000792125872983892,0.0029066034366272,0.00243858645299341,0.005433790727609,0.00506139581937152,0.00516132953826366,0.00487832085536919,0.00582963882490154,0.000822342143191924,0.000797452971168279,0.00270660739652398,0.00172140942433625,0.00204580989978871,0.000969038750231956,0.000431194904886387,0.000480091262014398
CD4+ T Cell (Central Memory),0.106562032359911,0.148785396526056,0.136822659831639,0.0913985996926287,0.0242210460202019,0.112751631591305,0.158257009292092,0.21186926176653,0.121872219402052,0.068996311313856,0.0695907989654768,0.0631707948085836,0.0641338662714231,0.0615542286326663,0.030993661502527,0.0576789827098697,0.0690236022895974,0.088252305895072,0.121589182572837,0.159654187116706,0.145936558904595,0.147711053626719,0.0102373145110439,0.044845133818801,0.0444827725300774,0.0511435790385135,0.0748303689293102,0.0711639261665077,0.077924428969334,0.0320990540163359,0.0468074433047227,0.0805999583322823,0.0931315869703813,0.0787867674343502,0.0902175698048124,0.0836705470189063,0.0784304326875723,0.049062351408751,0.0926664096929677,0.132990552129581,0.107832107784229,0.0782858778950825,0.13686727245952,0.0861870812571551,0.0957520656470307,0.0517948799067117,0.0548191471178851,0.115052785916882,0.0844763217195572,0.0420613013834452,0.0744256394768584,0.0540467927796554,0.072875590359607,0.0987675366473763,0.0854182802967211,0.108324280916825,0.0262210925119067,0.0807709797727838,0.148965526622067,0.109605509182352,0.0869218831363916,0.0601689920256534,0.0637083133857868,0.0674234524393609,0.0482806281364952,0.107011925723025,0.193126423730527,0.0439019526282742,0.150317873927748,0.0131390311009741,0.138283202986893,0.180252155715211,0.0472868702206511,0.110199288431642,0.0589640732872529,0.141607300018918,0.0321104766614708,0.0243192239857527,0.04771552732948,0.0508395489162968,0.0511240935743244,0.0526682771587886,0.0888502742732197,0.120914971061746,0.0531906233628696,0.0598216386553933,0.0992403519558753,0.143988624766081,0.108698746933846,0.159250389172441,0.0538697726466056,0.098312249391615,0.0538447871238079,0.192677954045381,0.186966506225098,0.140913618832551,0.213481271080793,0.0875094649480026,0.107941944014888,0.0964295950418146,0.03356115191268,0.0427589902346999,0.0253313066264217,0.0334256446684197,0.144480728709801,0.149646317399547,0.0756455645658142,0.0747103708440986,0.0578283329783405,0.0346892943311613,0.0490953986071532,0.0531407893743308,0.0955876902619425,0.131686261847409,0.0909922678291317,0.112326091037037,0.178347061101441,0.226322576188124,0.169082844781608,0.182561610569807,0.057325283966766,0.0482052287252196,0.116612279016092,0.0151157221617091,0.0589531693519032,0.0299010361303284,0.0796304534276905,0.0792111950046437,0.0732533533555407,0.0609709652390333,0.0606886062890153,0.0381518613791545,0.050463862565172,0.0799676261146186,0.149350954314623,0.0513638714390783,0.090160048967704,0.0800357559512913,0.0545545837845887,0.0932026033140544,0.0666636209834153,0.141213778003992,0.151901594861612,0.146986116257298,0.0443426468215157,0.0718502910684529,0.0799720575634009,0.085133943941276,0.0641096158435105,0.0760230627731436,0.0968467910505535,0.026895334767364
CD4+ T Cell (Effector Memory),0.120448907322781,0.141497391216414,0.147669510531832,0.249545809295967,0.0931376712114141,0.0867522169552184,0.198753944275832,0.175519061238655,0.104192888338941,0.0912812118671546,0.105528475197079,0.0714882953545517,0.125257655215137,0.106449883604977,0.0450450316025734,0.0489795636956975,0.054609400060737,0.0692923520201842,0.0876732501042418,0.120662762145124,0.0988130335650361,0.0815086801548034,0.0173708107186728,0.0474682306252397,0.0261448028407095,0.0452331239770936,0.151391014939306,0.124238249259538,0.138185695314185,0.0320142509162385,0.0658380902403221,0.0852916471294695,0.0931641936852851,0.0884563767773065,0.09750491124786,0.114408340945971,0.110826197302105,0.0584679264589587,0.0942727583028213,0.293259746336863,0.224515035139217,0.126264447698572,0.191254311593854,0.0661700162295894,0.0990943025406671,0.0367922450053759,0.0501161085748844,0.175165557409278,0.0902741828608341,0.0425806763277963,0.143551333183361,0.0805011151680844,0.0668340104563526,0.1077552764801,0.107576715459687,0.114691980302397,0.0839260749737077,0.0864506972690505,0.223345231262963,0.204686014967962,0.0926594686432432,0.0748541274395882,0.0870070354187977,0.083493612961887,0.0632093444634423,0.20778328064664,0.232624070577646,0.0482429413522926,0.179903649517743,0.0214695914889541,0.1634696133583,0.205986914534912,0.0717682822651112,0.15534432446749,0.0915866487517606,0.252858308604447,0.0303522091970531,0.0314105388939847,0.0411773386783452,0.101097190153634,0.0833309396073404,0.078984178748584,0.151495963004262,0.161752123245441,0.0850874530330069,0.0700496864775259,0.0927835518324026,0.16077892559158,0.123898678798188,0.145841284938618,0.0329642764580493,0.059706990119134,0.0620868311259335,0.170632537829983,0.144204788253484,0.100472470559917,0.167776733564691,0.0572211966917214,0.0687608240972361,0.0903883377064192,0.0405539428370001,0.031311674618558,0.0269750102969531,0.0657833210751274,0.127272661095197,0.121040093409759,0.0640471128229223,0.0602088400008925,0.0627769080833549,0.0458161700480371,0.0665212655048097,0.155763556581598,0.119060223795666,0.0787453792690288,0.0393663683390393,0.100518230138236,0.139439356308186,0.185812294623923,0.135619068012105,0.142376795265711,0.120260499853512,0.0764960770115238,0.105808748521024,0.0315583516947775,0.0610212482259845,0.0314031250413835,0.0473765931263514,0.0714277389585596,0.0875096827969052,0.0627070076877268,0.0957513592902251,0.0576466976984613,0.0896714395030399,0.076306224831899,0.154475854618605,0.055261188231926,0.0613122080499483,0.0979388997834463,0.110008020627573,0.11861035709664,0.102744324196659,0.161964048545284,0.159105845263892,0.169843628331071,0.0526126255733586,0.0529594979208298,0.0946538561552943,0.0936524868871768,0.0889891403298298,0.134840522944774,0.125248445519531,0.0410075387809045
CD4+ T Cell (EMRA),0.0108319394603509,0.0188591843416597,0.0221088037553284,0.00441603087727104,0.00818831438030271,0.00599652279344565,0.0150496307615419,0.0141887250540339,0.0257667337615575,0.00408952536364481,0.00332891091077755,0.00259940657741361,0.0175941968784731,0.00830207803755404,0.01116194378323,0.00311991159450336,0.0130092652676373,0.00991368887753847,0.0438913722484108,0.0159583308444966,0.0285342206181543,0.00736361874022364,0.00102132684457199,0.0216034451205233,0.0238594785256238,0.0405005497704102,0.0164252627384256,0.00962762593895026,0.00542604771576662,0.0383748469427588,0.00107332877939552,0.0501366323967654,0.0496843048757174,0.00554270981898724,0.00821020835178221,0.00921676783908167,0.00674062886585189,0.0158541927961024,0.00428338431009255,0.00714376376804801,0.0174346943787936,0.0699053470103634,0.0750672720900859,0.0137321975609811,0.0651224236473811,0.0143621941273938,0.00405702236184062,0.00406854808841413,0.00286959732858851,0.00231170253511337,0.0310178556484079,0.0220347274288422,0.00470414633924061,0.0525162232336183,0.042515686312555,0.0448734529639073,0.0191507598364887,0.00342399063529402,0.0049182305869509,0.00377973582845605,0.00383868757441205,0.00624638748279011,0.00661410205266467,0.00791030585262439,0.0313197161906438,0.00861978901724317,0.0567547310185705,0.00555309244070051,0.0848341288323506,0.00247772357978116,0.00293218161666942,0.0175882497566804,0.00513540769458672,0.0134678582097686,0.0250725229373924,0.00791583195812242,0.00430456220308953,0.00280882490224708,0.00475440957489708,0.0239229966436697,0.0347727410973528,0.0647868982624466,0.0128481378501979,0.00814729379221764,0.00467013267980232,0.0060750978574105,0.0156345829247235,0.0553999974341775,0.016298495600733,0.0180403087196821,0.00410495967417137,0.00524464656140015,0.00393460815986907,0.011538043829776,0.012248442026929,0.00828607028453497,0.0195671215095427,0.0115235433025951,0.0123494862644034,0.0190751267159437,0.00577359151080791,0.0018608872411482,0.00561005703288411,0.002518064917616,0.00844507212736889,0.0145242732835629,0.00627691342521371,0.0448046949158464,0.00929691601021825,0.0144791619046663,0.017485170181203,0.00375546901104079,0.0081181596315473,0.00976406260090205,0.00961841912304385,0.00581358931481492,0.00982525377857337,0.00143734900594109,0.00532482948962561,0.0241105777184596,0.00242328082735215,0.00251382247981058,0.00303150481841067,0.00572209022073886,0.0100452329943302,0.00490375100131031,0.00241187796524122,0.0146840404519055,0.0174899020598016,0.0125745145337659,0.00596148391170449,0.00609205106691682,0.0054642943103977,0.00619353926281953,0.0121366883032586,0.00526289901298028,0.0321050553241371,0.0104555157759145,0.0146672201461463,0.0113136113593575,0.0140352864460296,0.0177579206723537,0.0324138213892439,0.00940207173314139,0.00176970141290508,0.0024139769486168,0.00307742133940246,0.00974177181168892,0.00440335685315795,0.0113969313693203,0.0135337679582703,0.016169743893937
CD4+ T Cell (Naive),0.0167898541821417,0.0261840324089023,0.0194358187192995,0.00298032051608398,0.00442025520880629,0.00830707391553762,0.0181096119368386,0.0185832256634754,0.0310179721180785,0.00828731914521538,0.00781094943483218,0.00361861077133758,0.0264744812777426,0.00935571875801638,0.0104473499080494,0.00613006607878639,0.0148030355412945,0.0112509582768527,0.0504896033355054,0.0235137973095134,0.0334753860098117,0.00635315928483154,0.000981525554092598,0.0242908578444686,0.026296623438033,0.0466948336791524,0.0135374727779915,0.0104439331973687,0.0124411496939282,0.0481550824857063,0.0113235405208103,0.0586194701233198,0.0568163158001606,0.00837307787770291,0.0099139751746593,0.0109294117709086,0.0159240348183417,0.0181484630548124,0.0117122475778427,0.00803228511080691,0.0155559937715769,0.0667714759099904,0.0753358006718825,0.0152228379758654,0.0442349626169403,0.0186249134013827,0.00858240431399352,0.0058007983923112,0.00549538813837835,0.00822814965599823,0.0453204327488677,0.0330363992879192,0.108981885890922,0.0671920527124242,0.0731745820437454,0.0532758164907416,0.0146441166722232,0.00937401864718845,0.00674638409437109,0.00560346937763542,0.00677889306164672,0.00830431900287001,0.0093453224597448,0.00846585848534765,0.0280596676576237,0.00795754378793212,0.052489015982212,0.00564992906872079,0.0890823443328541,0.00326093078746403,0.016274579662742,0.02265448552495,0.00667719278218405,0.0150036737305438,0.0257883810416798,0.00859056043945486,0.00304136159442786,0.00282379507494999,0.00511296161900089,0.0306347393879824,0.0295302612402591,0.0620250331086504,0.0339080223145603,0.0155739938154157,0.0107332062393596,0.00999972613956016,0.0266712127086284,0.0568560140791244,0.032441068775395,0.0396521816321159,0.00777795335142444,0.00921762365752543,0.0100861104876959,0.0142437672876603,0.0163609231259945,0.0149137091220167,0.0258332475064693,0.0158965957926388,0.0165464317721959,0.0232430348440432,0.00629209335986354,0.00474941791190533,0.00473945500656139,0.0040624322290235,0.00895256067006561,0.0171025842881828,0.00952279076809172,0.0482307529098466,0.0182256916778377,0.0196160102884765,0.0351751293074974,0.00223306018029638,0.0201047540516534,0.0192945804560871,0.0224385072777028,0.0310265995720536,0.0161798846102675,0.0102749333177356,0.0148180937624554,0.020401785243988,0.00508116316002422,0.00325317300662245,0.00721007202677614,0.010180221025982,0.013373253236818,0.0123899600517555,0.0529881081280843,0.0336307938061975,0.0227667481316491,0.0188827576584477,0.00751417848861762,0.00404006730814681,0.00657890022497964,0.0118632521744068,0.0171616615318979,0.00705244102269576,0.0232871994965429,0.00312516006128118,0.00400248394379066,0.00257954049044197,0.00448065920920312,0.0306968510400684,0.0417044239512702,0.0213576510184165,0.00500627967957538,0.00506232904460824,0.006840843115393,0.0120202683682087,0.00905463279410771,0.0120965294216427,0.0184248362494319,0.0217740924513208
CD4+ T Cell (Treg),0.0234630367971331,0.0289725874285905,0.0210961418829543,0.0204738183505143,0.00667980156389812,0.0131101426529492,0.0230040654656139,0.0235214159620522,0.0156199427771163,0.0190901506802997,0.0210827242535615,0.0147528816590068,0.0226266728576345,0.0434021826101046,0.00609406066233482,0.0103464706306746,0.0126269397342894,0.0166807789519412,0.0213883318698688,0.0199023353311707,0.0238171405720748,0.0251791069989843,0.00883068733742172,0.0115049695500502,0.0156029996108512,0.0135510823477657,0.0113608006124229,0.0102948992191506,0.0139478784401231,0.021032879028103,0.0175112954904269,0.0193909395790155,0.0360432808344563,0.0246793379142578,0.0273558979595162,0.0328912307782119,0.0183746535044162,0.011060110468222,0.0325938772856531,0.0642466658028517,0.0643928118920807,0.028062608819944,0.0388815261609083,0.0192350420982395,0.0407261463349381,0.0148524744926031,0.0292334219475588,0.0109076017485511,0.0148935743813451,0.00901691114782468,0.0229096547741073,0.0200455942529031,0.0241957452015102,0.0228224141930835,0.0246641724015141,0.0242747205518859,0.0341535951304056,0.0306529849967818,0.0226212138957098,0.0177688379597446,0.0114656026009298,0.0146830075567698,0.0160016446762435,0.0159931130143116,0.0133616961431458,0.0283091419147531,0.0465784508567036,0.00849143844882222,0.0399804689267117,0.00813942144152046,0.0182525020469833,0.0157776731643203,0.0167400846935754,0.0340720324124341,0.0139474795284696,0.0539026157665414,0.0145385060517722,0.012482565737525,0.0154935174327146,0.0187742519655489,0.0132014736801025,0.0173420812906081,0.0286046535102694,0.0183745741360768,0.0310791149959196,0.0153493870951296,0.0394128073022616,0.0309860438791509,0.0266154951279217,0.0297409316084394,0.00801705202600964,0.0302311559944242,0.0175819543558831,0.0287691939917148,0.0360263855451347,0.0240878059463914,0.0323695365683369,0.0239779571079227,0.0183319021946363,0.0188034186600214,0.012215708337177,0.0276186431166885,0.00739541048960504,0.0427503814805103,0.0325952693031898,0.0255877565755866,0.0175636884841823,0.0202510988543842,0.017357718787308,0.0104742521267476,0.02009203029912,0.0266429772130047,0.0246846458159008,0.0182153952694759,0.0140155185203189,0.0206352064810285,0.0858260551145732,0.0617820726771128,0.0298432981592963,0.0319104397562715,0.066222097141975,0.0280796410007431,0.0265192510621337,0.00771522543741553,0.0102711247873007,0.0073037697044385,0.00938943664186227,0.0133448270951691,0.0137603671290356,0.0145358637320305,0.010941369837725,0.00967324052378619,0.00838247301263054,0.0171885776245093,0.017227561654127,0.0194108771008069,0.0143929724843027,0.00972029637734748,0.00985693565211056,0.0212885788762404,0.0109280257981782,0.0369842826469593,0.0356480569389067,0.0884137243110137,0.0104059518943281,0.0179264715227312,0.028917409738371,0.0111787995574318,0.0136216810848062,0.0229593708877483,0.0219730961189686,0.0296577135604097
CD8+ T Cell (Central Memory),0.00963677574381271,0.013698751979555,0.0104303390950244,0.0388934946410867,0.0125515607699793,0.0653962368103018,0.0591884440596769,0.0776872369368086,0.119278689419657,0.0536805772363357,0.0511301698952299,0.0393747847436972,0.0185294548035882,0.0088556437656264,0.0119069255295728,0.0084425902912838,0.0108376074736532,0.014932818651978,0.0200833789541624,0.0261596583644394,0.0210712992974875,0.0197952540792934,0.00664683956474696,0.0123454140013269,0.0102499704228779,0.0154531352947707,0.0308173360075924,0.0158712343418067,0.0377255166352676,0.00306670703609813,0.0125308207455411,0.0126725808888366,0.0123716290384296,0.00913672608250077,0.00811148884720874,0.0129483259041294,0.0182490708870876,0.00881837344853033,0.012474464556596,0.0152989340246853,0.0249914548812451,0.00991745381107355,0.0285212402253464,0.0160076045491617,0.0190186372670807,0.0199915596300404,0.0203337609384859,0.0284693411429974,0.0172858676866019,0.0188540263538038,0.0121904525989761,0.0136425389080339,0.0252264646181425,0.0120697484539832,0.0228718807157547,0.0155197233463851,0.00794938538566003,0.0222694605074971,0.0300462783002889,0.0262177333535442,0.0214515384908885,0.0130842753902237,0.00974996473227601,0.0196552521074504,0.00314992260761028,0.00783870026727418,0.00548053981618654,0.011419014320995,0.00895525518176412,0.00422974080159613,0.0464588707893092,0.0507443252987306,0.00781639213707318,0.0373298782884819,0.0177967239727323,0.0355100371564417,0.0125074584751022,0.00900217809390291,0.015240504074262,0.016859974114239,0.0135062162704158,0.00971083454604368,0.00769998794994061,0.0112537655004968,0.00627369957349113,0.0176443953055864,0.018052121517789,0.0229017756635969,0.028419771879512,0.0193481282447478,0.0300928652777221,0.0275941718358823,0.0247766240624631,0.0212680048054896,0.0210868107290327,0.0191805720233247,0.0244054579693328,0.0200072793122562,0.0150001325984754,0.0169650219765086,0.0155958049797937,0.0215287973228531,0.0112368032060069,0.0125902308777477,0.0182576574133957,0.0129683854367486,0.00936261222345875,0.013949075338933,0.0315662670169282,0.0301887553695924,0.0267059888937163,0.0127307520596167,0.0211657565188464,0.0220292143685019,0.0122498416306416,0.0214425642312019,0.0221777087736493,0.0212638726225818,0.0131516895074458,0.0128783495797984,0.0304564992598299,0.0535970821528791,0.0310844577059913,0.0346110780541586,0.0507905225974466,0.027710175663852,0.0377567143297568,0.0274261198566951,0.0514811160845728,0.0309545308611511,0.0590287368192682,0.0302175561290722,0.0250926733993261,0.0274514369788979,0.0370663518468123,0.0216924568307267,0.00600173316511283,0.0209636437374153,0.0338414731876936,0.0415493690943613,0.0308380894961885,0.0269136993779484,0.0196323154512906,0.0288459136457608,0.0151633524543031,0.0118777754182591,0.033896792850972,0.0261126546449797,0.043324385974574,0.0402970046507958,0.0104928563847178,0.00824665769614195
CD8+ T Cell (Effector Memory),0.0192014776571576,0.0319540090999332,0.0292996534788189,0.207895691707561,0.105014905797924,0.12398615055087,0.18732369738439,0.159822318461125,0.24802511846418,0.228337685842809,0.199827010848971,0.151594452093777,0.0738710789602348,0.0522279727621284,0.0678151181155966,0.03305747944335,0.0381618338770637,0.0363219345729207,0.0734166533322526,0.0749460657793195,0.0402678093124447,0.0375882030171434,0.0245408551235193,0.0369148270038951,0.0345395033007166,0.0370324555719265,0.0999072738291176,0.0511570844770684,0.149720458680765,0.0190821803119815,0.0389100930608064,0.0930902293796655,0.0446552076942178,0.0379144174395409,0.027347055057331,0.0524099415504516,0.0805596659302597,0.0279422967665883,0.0394266749411922,0.0958446131971173,0.0823838479055978,0.0405512070780419,0.0877976651033415,0.0439931314342564,0.0396028029538181,0.0745495958541836,0.0676157429746824,0.101642829031643,0.0596578806808127,0.0741418473046557,0.0505111886260214,0.0396991692848677,0.0904939676436762,0.0393376360032169,0.0649481032655732,0.0443526057507022,0.0672892956301264,0.0871482886277581,0.104839328030074,0.0878040656037574,0.0609470455308402,0.050505946577478,0.0367753571090288,0.0873000438375314,0.0126783820623903,0.0191431706831451,0.0152430502407208,0.0340766601638027,0.0243668925576151,0.0175445065242028,0.132229468576749,0.144245928231922,0.0284811166132263,0.138876435163002,0.0945564051150407,0.198524880181667,0.0394331905644183,0.0367331215952489,0.0533389374981147,0.0623856683249916,0.0718824053678864,0.0485116127377579,0.0496534376492659,0.0500799196127845,0.0373573673509316,0.0523797429685111,0.0450505077613763,0.0753577493824833,0.107453487858168,0.0799092722397307,0.0773321577292071,0.097673919885879,0.0584243887707538,0.0561249063232644,0.0576914519188664,0.0364022956619023,0.091360311966205,0.0488716850170366,0.0610591944812107,0.0570611378662411,0.0351404444848377,0.0662434050668969,0.0278349020806692,0.0419963448129685,0.0416474904955494,0.0393739955613377,0.0302975870328643,0.0420866927260479,0.112705698451256,0.115518619816864,0.0876707759942136,0.086544697736093,0.0578026311492828,0.0614794735409269,0.045118737924497,0.0652972172838394,0.049916619956838,0.067135109399724,0.0349070323481511,0.0277205999967547,0.112940116863727,0.212970913282881,0.0844753408772991,0.144053167082287,0.232467303099189,0.150648571914771,0.170768598827828,0.128534623754947,0.225498452630984,0.111047510516225,0.19365172990481,0.104171322671244,0.109925404157535,0.0674835800414984,0.0989656849010035,0.0471754213369837,0.00681186933908833,0.12001657824677,0.15831220785797,0.162413788814165,0.140745884519232,0.0803119999264616,0.0997471490756914,0.119149518801621,0.047565481266324,0.0308435728453881,0.125067636084619,0.111990369266331,0.198699333386027,0.16144631765051,0.0314638660040692,0.0301977088748468
CD8+ T Cell (EMRA),0.0048511910107825,0.00627323592615206,0.00963792874416835,0.0915085396903576,0.0170726487253113,0.0081927824231387,0.0261400032136363,0.0305179337275181,0.0322127321543719,0.0746177812817051,0.0708043395012313,0.0469574643632163,0.0660238678653351,0.047754581572233,0.0362128548514329,0.0130622663377243,0.0316163218722499,0.0268131331543105,0.0327529979267515,0.0338140217081973,0.0278936067898686,0.0280935514328893,0.0127767151428239,0.0203968564548341,0.0190905752951593,0.0280444121008881,0.178631669795157,0.0872914591412828,0.0730397147318635,0.0288329056003954,0.0160744297327328,0.0474911294002421,0.0161723734437736,0.0114095233145552,0.0108606181823075,0.021695881810387,0.00551101108497016,0.0127872515863741,0.00537737728788088,0.104455193525311,0.0103596085804902,0.0404681914584117,0.030839525331213,0.115098609696053,0.0605829621053366,0.0680469080678639,0.0672055282323988,0.111060004544529,0.139005667464223,0.122088693544851,0.0949173204842529,0.105660414897299,0.139684264114849,0.114199599955168,0.134691793006762,0.0917914032121069,0.0195672153852032,0.0876361744708249,0.0634944843753148,0.0525418301341357,0.0452693716909735,0.00640162450946815,0.00603307589256061,0.0327372952432697,0.0245799861702258,0.0117172229443322,0.0385207016385022,0.0154230250829756,0.0407937871531663,0.0224271218614984,0.0619993155025155,0.0257984156346677,0.0377679836774257,0.0175925791980148,0.0251155944793803,0.0345918785871677,0.0179130496787214,0.0177815682556229,0.02023975202446,0.0228927909252296,0.0245338994942149,0.0469386064901947,0.0144714939405639,0.0120557603533623,0.013593247754343,0.00779538285429183,0.0136872795473117,0.0293243589977246,0.0337604873172502,0.035230565983744,0.0499262544443158,0.0396545220750741,0.027456315542684,0.0250959898073992,0.0199061713713585,0.0152260234563442,0.032965804154978,0.024937765262778,0.0539071427239657,0.053030316771482,0.0379485899885812,0.00915575431343366,0.0180287573639812,0.0277470601734032,0.096850893720452,0.0376851804426958,0.0303683691036148,0.0843645313262341,0.0663209093493747,0.0666179939895716,0.0941869192176777,0.0642006588820401,0.0401633759985381,0.0526576344791319,0.0444800064874054,0.0911461341355408,0.0214633016148413,0.0116458585309776,0.0158450704109457,0.0122210687137267,0.00945460464988255,0.0356166711253292,0.00870047672362852,0.101479880227581,0.186986628031587,0.104572503018528,0.0405101890978121,0.0399798913280398,0.031942236545973,0.0310210654128799,0.0545150386391825,0.0362884264931571,0.0360599450054055,0.0284933481068529,0.022564774921364,0.0210048238437754,0.0151240725036036,0.225302560731232,0.266881859146344,0.231440691449538,0.19241718336398,0.0347969420043471,0.0348292775993552,0.0192407048507524,0.0357053314444719,0.0159873569401497,0.0556706713050821,0.0848946697705694,0.0943947268375665,0.0608031342316811,0.0408136146332332,0.0343181282449088
CD8+ T Cell (Naive),0.00775020819836028,0.00904707545429147,0.0102557321875898,0.0149306613181722,0.00318290426104422,0.013604429234909,0.0190572096980009,0.039298996346204,0.0298267991288494,0.0145030190724293,0.0177139312164869,0.0130923543341678,0.0108539447526908,0.00611939664740426,0.00705255259345339,0.00905786303795931,0.0235660812829631,0.0284240637863769,0.0227389537258595,0.0110743142747426,0.029539242932852,0.0180469489560785,0.00299405846968827,0.0289448185822753,0.0305932267841411,0.0481917004294063,0.0313958270226867,0.0176829206749618,0.0197569933084412,0.00746947092750339,0.00218738460335609,0.00793788036866268,0.0126944819173514,0.00187178675366057,0.00289528780869957,0.00176104963551405,0.0100601779560894,0.0126275035859793,0.0080623516544354,0.0225567776424789,0.00657292698714786,0.0405240353552598,0.0412860350719943,0.0243836773562617,0.0623742093638867,0.0254222242031234,0.0134438865375885,0.0186164533408126,0.0252111793796812,0.0194498990639152,0.0283901918984027,0.0258208947185986,0.033419948529403,0.0333153175344953,0.0454202391310482,0.0222630591604273,0.0107340138544301,0.00960494984986227,0.0122874196318089,0.0098869426172082,0.00212402463970409,0.00505283770796944,0.00483389560676591,0.00574142276899529,0.015095816379137,0.0134187992123332,0.0388221781192232,0.0117803788933684,0.0677918526114559,0.00234680399376358,0.016863260381096,0.00983887616215923,0.00686609750973658,0.0103157239653189,0.01510080308023,0.0110638306724335,0.00435587930651527,0.00483972824800134,0.00628281027651898,0.013709762136266,0.0184531918186048,0.0276267570503503,0.00382532198542891,0.00632817754282791,0.00211838335707302,0.00526976999022257,0.0161689363399602,0.0217602245421013,0.0146435355009997,0.0143150683229785,0.0112220436011136,0.0069047856377412,0.0114270584480116,0.0309459970875202,0.0264488367578143,0.0303817259016708,0.041436751859223,0.0446936133437253,0.0310238902588656,0.0394603843386905,0.0102765647079221,0.0041003947116583,0.00440108300239407,0.004172723481853,0.0299055241528835,0.0159708774161147,0.00932647711182551,0.0626614298160694,0.0176696437045367,0.0170587144110792,0.0314444858389129,0.00247117940130347,0.0361102247847931,0.0329970088762519,0.0330174858415464,0.0305444950796505,0.013534224201537,0.00792271181396116,0.00971531146385404,0.0238958559303575,0.00841925004319923,0.0103749509138334,0.0127498948462537,0.00620354388182251,0.011801974076204,0.00953215534578815,0.0206214181285291,0.0312696808607189,0.0264913302004192,0.0196142488472798,0.0134585521789039,0.00881570841544181,0.00735398093623501,0.00988292638668078,0.0124608448882844,0.00537467813066012,0.0336457298304113,0.0248065744738348,0.0322212765754344,0.0274742122894036,0.023170959016912,0.00507535882443102,0.00601901033966405,0.00322060478494309,0.0032933878523704,0.00733602890581524,0.00496490355179708,0.00930572207738082,0.00923421011675959,0.00556547016062977,0.0219959742151136,0.0129373913901307
CM- HLADR+_unassigned,0.0210156431930809,0.028173263720058,0.0214809881190449,0.0161268838540455,0.0695336856537892,0.0510662350781889,0.0297543931740777,0.0189549603568185,0.011184303999992,0.0288515179035549,0.0629923879901777,0.0336420797778175,0.0329767693529341,0.0408414018327444,0.064302194913793,0.00880631496605824,0.0192374604827801,0.0235920600129997,0.0284625584586359,0.0119552246724958,0.0543968859357219,0.0126589972467705,0.0880378378906928,0.0414287319287443,0.0407116016703501,0.0530705844750903,0.0447778281737234,0.0163811833507829,0.0377764591448851,0.0349837327862004,0.0437219519092971,0.0864780925253629,0.0565737294061379,0.0459147827597144,0.0565824794689981,0.0527764157671329,0.0616953111340797,0.05964862430791,0.0874895530088879,0.0260372345649197,0.00924726124287338,0.0351337044855283,0.017814902025268,0.0715195571498642,0.0233360335933414,0.0485315968609401,0.0534062243732898,0.0214000713857247,0.0411701880821276,0.0268489189017636,0.0512158382943607,0.0443634078403843,0.0368534584136491,0.0268471190112755,0.03757809122041,0.03118945960932,0.036930917199172,0.0648630394557854,0.0315692487938925,0.0417902793940926,0.0489558109991639,0.0414586430007087,0.0270109081982548,0.0336496253276801,0.033944026002195,0.0349176454358419,0.0277099804211089,0.0421328002116218,0.0312968308259651,0.04577502507876,0.0209467182100876,0.0102250596366608,0.0385004207078645,0.0516056179437216,0.0741118323806028,0.0287858966932274,0.0685442846492021,0.117193388661276,0.113732340129244,0.0561682258007567,0.0618056563044259,0.0461900881942876,0.0906913339472926,0.0499210672731417,0.0329402954519739,0.0744653919761966,0.052289258763843,0.0471386261731976,0.0628428499826869,0.0222389375528508,0.0596858098397702,0.0702502934098068,0.0458773650465356,0.0418160198367236,0.0393577454871039,0.0570782726000148,0.0303952718356619,0.0263929365091475,0.0552723727314331,0.0316229247454599,0.0719700735210595,0.0117484963931968,0.0433903092715901,0.0512090918673921,0.0336992563457001,0.0323694324977974,0.0463915569481552,0.0637216377086402,0.0643412443204181,0.0395521302671145,0.0652670258937865,0.0299598052296632,0.0450178811050892,0.0471846889550113,0.0569664791223696,0.0468918726225787,0.0279947207610498,0.0318272650592898,0.0214740618460251,0.0421839146522607,0.0524500371573638,0.0725649914890711,0.0568561634070436,0.0371342580042876,0.0163041011851063,0.0317768523411623,0.0265621559012311,0.0217268394633534,0.0348465247779707,0.0279065302006076,0.0264687747049967,0.06296938578919,0.0727453956768778,0.0413596053897681,0.0218989147429472,0.0456227767089307,0.025403963921338,0.0238765928210582,0.0291802583794458,0.0253774485411562,0.0368286918912718,0.0433793961749253,0.0464804607071939,0.0348578426241558,0.0221186983727429,0.0258860415123509,0.033517586973748,0.0449528478934034,0.0637179350337415,0.0460206541346063,0.0800844068032865,0.140347267813749
CM-_unassigned,0.288868920634356,0.0603867456209897,0.159946878001411,0.0811815873071718,0.250430166068426,0.0793364729932747,0.0406065768507724,0.038291525596721,0.0560861200375718,0.199577290629674,0.124857166930099,0.371740161750247,0.233821857750455,0.132499228647255,0.358152258662473,0.0380547990210371,0.0539942137488149,0.0698766540081301,0.131524190033334,0.0882067061204345,0.119942510052614,0.151703532837694,0.488198641343173,0.0853745597532535,0.123696858572931,0.0947974903840459,0.0674068742358868,0.0530721932471282,0.0761110987437659,0.13458895442904,0.118998401625707,0.0697069629931085,0.0542784712167748,0.209067353831413,0.224000061459254,0.25090323318458,0.122994171780983,0.29450428676367,0.137916968987439,0.0696373056994819,0.0952303848081109,0.0684565740747323,0.126600762491623,0.116986360654944,0.0813152143592942,0.0897370652792218,0.128502408854367,0.0856724500697047,0.0975329804199785,0.324341692614763,0.0558549682708912,0.0473107553886421,0.15499977803451,0.0830032473925538,0.172979764741394,0.174459995265629,0.128050385115442,0.0618720401634234,0.0588246096750185,0.0227815334248585,0.105586036822643,0.0728947263940285,0.032481722947145,0.0606748463821622,0.0686231882545469,0.111218896770526,0.0450409501751286,0.144536993022457,0.0442014115926249,0.226254171510006,0.123871927672945,0.0756218236926542,0.0785267186759641,0.0664389592755582,0.0663626398985501,0.0181506460313628,0.335075966954265,0.258958058521494,0.248962049654823,0.0824617310303066,0.0919039003102357,0.0621197841296302,0.0618621364389604,0.0602725072475818,0.0528958227670479,0.0910416753812874,0.0609486895043794,0.0696578073655228,0.0836771537758432,0.0875401029260301,0.0950759116902216,0.0793929164581558,0.0778691150674017,0.0559843181820341,0.0468311261445519,0.135488369056567,0.0896309320682906,0.258034584417935,0.144620265730671,0.177427051673383,0.156203984135602,0.160599611407462,0.17356577016619,0.25073225348198,0.183655924501995,0.162253334184533,0.383787647132818,0.0506453198570601,0.115401185458662,0.171025142297794,0.0439441010938591,0.178316365217489,0.105698750609993,0.0655782180266371,0.0838152090765706,0.059834958882473,0.101954328767529,0.0637732024881021,0.0419556087646379,0.101605244746178,0.0398339575133967,0.0909652190402703,0.211126451872117,0.18045119612015,0.0783982785460674,0.188065554390113,0.0214822860263477,0.0719254134487836,0.0241498884544707,0.0641714146452413,0.202018666542309,0.198998808573638,0.143525656586982,0.0606852768251474,0.0575218435060976,0.0829098993967792,0.0628084074611606,0.0400788946977095,0.0250758840269778,0.0339431474700318,0.0424461617509418,0.0730700419156738,0.0561326468985546,0.0729447601583389,0.350459636113518,0.612561110189344,0.034050564693964,0.053822771381383,0.0633826670811127,0.056987036853065,0.137433891393476,0.289450183508659
Dendritic Cell (Plasmacytoid),0.00478647408145569,0.00856368501775725,0.0125446126942464,0.00553555944416206,0.00114982688351478,0.00583651584268964,0.00275295278362948,0.00183672416703868,0.00174880642128867,0.00729005570984206,0.00902160939342123,0.00747505963771954,0.00531041595021846,0.00386805358978966,0.000986767407545518,0.000395943434398381,0.00158576163108906,0.00185058140549047,0.0010469231033191,0.00265327093523465,0.000301015178831387,0.00395938619063681,0.00674796614367164,0.00827970380131659,0.0137908259959659,0.00719025711351391,0.00330322436444935,0.00168628740652479,0.00240504345293505,0.000861435308081812,0.000120030622846831,0.00558629835551745,0.00125178341450372,0.00415994251622564,0.00781054185718475,0.0021161593429049,0.00432493717652959,0.00547752676497479,0.00196535194083645,0.00137479059537945,0.000120030622846831,0.00587415845555724,0.00021861106448721,0.0159679380190297,0.00647865715951491,0.0198997791621472,0.00935046711821617,0.00194095776322499,0.00409961073165075,0.0019918199364438,0.00375255254822817,0.00535558609925567,0.000892436895564663,0.00479943209901027,0.0012837148911529,0.00250285037271063,0.00297271163560497,0.00139311246464905,0.00152549184359029,0.000120030622846831,0.000857489779990227,0.00113362754913581,0.000452545574632163,0.000438363032623173,0.00342645565541407,0.000612373959921008,0.00301549151971945,0.00436362564453984,0.00549310527109787,0.0027949892085134,0.00333552993815849,0.000859180138934882,0.00531846582952702,0.00157910478846371,0.0112692247423268,0.00136469981006615,0.00145313723736817,0.0078842811452182,0.0128816824283233,0.00511191352511909,0.00239983245545677,0.0015791800509725,0.00155743056431797,0.00219034286773146,0.00288141238610973,0.00385668237718769,0.000755924379674537,0.00244502430492922,0.000354167827248611,0.011017279171968,0.0119289970770218,0.00667263559020071,0.022129107271432,0.00852366165163832,0.00401655871051181,0.0121656800720189,0.00391382117419797,0.00422910325416123,0.00290735757629847,0.004340938380002,0.00369922916309527,0.00060115382683578,0.00962219307509925,0.00635826368548206,0.00391105852348199,0.0240097273142578,0.0101408313759252,0.00174322614260408,0.00884739492976721,0.00232846387130381,0.00325240648840389,0.000841268970907973,0.00290065768514524,0.00342793736814932,0.00320457111998644,0.00302302545504906,0.0070138620332584,0.0107950512231126,0.0123361013480427,0.0120105667026377,0.000502178063314534,0.00367129282308872,0.00372710642085059,0.00350627556367936,0.000499994722790492,0.00123562119341371,0.00155166061742985,0.00252403641371161,0.00267545735544982,0.00418176022460185,0.00583303968706233,0.00507109789571421,0.00345994155855521,0.00179653653917487,0.0032359163249841,0.0060313901607132,0.00303729985937004,0.00182853568092102,0.00125142163517241,0.002133758190514,0.00175094565513895,0.00543406824947491,0.00465819467129389,0.00252064307978345,0.00453343672788794,0.000290788789105017,0.00273043752219278,0.000823793407870759,0.00284598854045492,0.000236688540169699,0.00609665058104146,0.00152486519146573
"Dendritic Cell (Type 2, CD1c+)",0.00246719222331732,0.00234552193075312,0.00241287398646493,0.000880021012125575,0.00308340106013903,0.00120542656600938,0.00217369902421453,0.00248757381015643,0.0007385698059244,0.00578291793703889,0.00393138990510734,0.00605604976023331,0.00471582385245486,0.00758030723639869,0.00208096934354386,0.00212059082372375,0.00288430232360857,0.00168592431816847,0.00271520697917691,0.00307669685748238,0.00297099796379335,0.00347026662067842,0.00233281945657794,0.00628400654066034,0.00664925231893378,0.00966665370112359,0.00844250506723662,0.0039567150079359,0.0117408382184667,0.00210427535745318,0.000594510237534984,0.00287026627758515,0.00395470039991187,0.00689391272405091,0.00289339513714505,0.00116525829512119,0.0102963246548829,0.00973059818726807,0.00899350303130218,0.000535518353552522,0.00211138158509338,0.00146002651680923,0.00037981676456799,0.00633257581256869,0.00521040884563747,0.0104511450650073,0.00855062578906279,0.0012908841741197,0.00124411140145357,0.00160648775262707,0.00248730010426696,0.00304402155552426,0.00303139005477014,0.0027882939755272,0.00321202812715308,0.00421261789056676,0.00134125287076102,0.00288956725440056,0.00173691973195239,0.00215528816557484,0.00194831531171622,0.00196011059385227,0.00147178742080243,0.000689431900349836,0.00135818531833761,0.00070273507168439,0.00121110611239197,0.00259365994236311,0.00611302803815184,0.0043464117794619,0.00186819494196107,0.00272592987086302,0.00488922718148226,0.00194934359404216,0.00995081218909663,0.00153595352781834,0.00419084310346505,0.00541275871694527,0.0061944618944286,0.00355013910006617,0.00321439279320686,0.00301935801981394,0.005950572049692,0.0131592907102769,0.0084299941824935,0.0048286035179845,0.00219423856802399,0.00174089452557771,0.00138091112142367,0.000681939414557776,0.0052860115352078,0.00476469257979897,0.00737404946108992,0.00882055511309376,0.006159215822934,0.00377810224655566,0.00156151619527569,0.0014115196796355,0.00192863364330026,0.00166050023408089,0.00528176433607281,0.00379753935585498,0.00316462051630406,0.00348990545821157,0.000622327076912895,0.00461318900198194,0.00282608721334535,0.00345914651944676,0.00462764124862041,0.00650159468460787,0.00471212062372591,0.000717468608823946,0.0059566452758801,0.00312606912357757,0.00437896912645656,0.00292532568491642,0.00521544030955888,0.00668589858336485,0.00685246730819324,0.00744121564152751,0.00592986723415556,0.00922120969544762,0.00649765525935074,0.00159993979224083,0.000667249345532726,0.00159300967822213,0.00125204477419503,0.00227958647477657,0.0012178454531816,0.00234985672956444,0.00232572898742518,0.00511310459557402,0.010829888779472,0.00139622094912521,0.00224948506765466,0.00274246437358558,0.00279143760184133,0.00229660615508157,0.00150631885358982,0.000985593601153983,0.00383013268969418,0.00343465088692529,0.00346623456197995,0.00182963765403473,0.00513082916007355,0.000465023948819378,0.00533853337308948,0.00435781370619697,0.00388253027041294,0.00142341012361496,0.00275569775333173,0.00173825999402588
gd T Cell,0.014101816965163,0.019044335127871,0.0111039506167258,0.0120595086430285,0.00752568128340308,0.016418084022672,0.0115171584437628,0.0094697900223608,0.0219271247127706,0.00443666048200157,0.00202433349324411,0.00172820546759069,0.0140871356225045,0.00940761923089352,0.0365586258913281,0.00382223456868183,0.00707506745199179,0.0052903835891327,0.0201410076051206,0.0154555652389111,0.0129889465106168,0.0116832887207945,0.00101665152752074,0.00477750060876042,0.00506028279579279,0.00624038881742596,0.012741008024485,0.00981180077834296,0.00865015809019649,0.033241407986562,0.0559911537473424,0.0604286607909864,0.0373068328074776,0.00650591218492588,0.00459723947710511,0.000911725499207553,0.00530127347681207,0.00927692961160193,0.00570017372185251,0.00593033416297268,0.0154653750455882,0.0137820168334217,0.00936590593962671,0.00374609237583002,0.0270125822701576,0.00299948062906699,0.00326380165400582,0.0812071258149296,0.0508844619950144,0.0655444050244039,0.00921096781078798,0.00940276101047072,0.0258237269017374,0.0205650608123405,0.0259873310124594,0.00954908712014405,0.0604166898489066,0.0148209605464223,0.0145482376824022,0.0114005625447041,0.0110277728841581,0.00247156679196446,0.00179612909737842,0.00407274955458114,0.00549109276401212,0.00975172686949462,0.0158413959724239,0.00303679037690448,0.0034876045365359,0.0388586029501616,0.0876400325440125,0.0442245885892358,0.103997262345262,0.0213486515594992,0.044649095233763,0.0240434203605045,0.0038317725999996,0.00254217471643528,0.00438547964021766,0.00945019029625895,0.00950311207318432,0.0135819984458056,0.00565356923110016,0.00457045988281965,0.00352291880215497,0.00312137356262014,0.00697506204334009,0.0163986949355282,0.0179783666428606,0.0195551517407609,0.00943545310708683,0.00420237999288245,0.00326285974767262,0.0177896760866994,0.00861532317431181,0.0153354442905205,0.00998651925173323,0.00909291318507858,0.0191863455794272,0.0128748297090684,0.0146259712317176,0.00839907153369279,0.0130525540820376,0.0150444751172736,0.086360933323294,0.0662515469741815,0.0477445161184555,0.00807647402691337,0.0133612060401917,0.00906956689162531,0.00789416411761855,0.0101730268677216,0.00728018077645468,0.0103147070011393,0.00811040712252605,0.0107623245031592,0.0176600389899819,0.01822749399103,0.00885971787156279,0.00874601864900246,0.00668491489145614,0.0101360968799021,0.00822441216559032,0.0462278756586903,0.0285855584409027,0.0228958898298824,0.0763615951819731,0.0675642765979603,0.00435636246277591,0.0331697948680852,0.0069619074071702,0.00272417155831777,0.00345685320942401,0.0043132795182282,0.00608506495752153,0.00411993756921242,0.00863431350815056,0.00867830471215185,0.00846442426740386,0.010923932462114,0.0110613646564854,0.021696974157863,0.0200783525484879,0.0135535763624452,0.009638990832871,0.0059634948178422,0.00563851878772859,0.00258350125249256,0.00637101487768907,0.00820469866897327,0.00443080891516404,0.00788361228524189
Granulocyte (Basophil),0.00293581686540963,0.00868376174517849,0.00267713853849732,0.00113175542725581,0.00255295275727565,0.00452114210830103,0.00197133233165238,0.00221999436396659,0.00135023589136998,0.00259583642022918,0.00278158735184403,0.00174021157529052,0.000625639808262226,0.00621105331683715,0.00185654806274006,0.00489380948269777,0.00303806565793731,0.0035821359466068,0.00426271735191729,0.0146773301350696,0.000549164774595411,0.00500461741187775,0.00994811438787896,0.00128829024786602,0.00336377073403452,0.000476453087632903,0.00344682288257504,0.00156559834302287,0.00289020788248125,0.00188738717365587,0.000272429979511992,0.000480353970791638,9.84280007767489e-05,0.0263823695361514,0.019987419320716,0.0170035496016817,0.00145286957439228,0.00197669343956621,0.00113831007473353,0.000424464430819283,0.000875905967987534,0.00100564338179905,6.21110664174337e-06,0.00268202382931815,6.21110664174337e-06,0.00531297290986868,0.0192626782053495,0.00245815260259649,0.00295617662652528,0.00265561877478451,0.00274628076615914,0.00379931762526447,0.000875979514576108,0.00631561935923785,0.00305813777257653,0.00147302225919609,0.001658059993476,0.00167279097227374,0.00240840247883082,0.00398684238684778,0.00114200586691369,0.00231495966096664,0.00242491575592957,0.0050111039936809,0.00346435500937425,0.028127704065408,0.0034778831272701,0.0110638374380433,0.00226373549373637,0.00754905117942234,0.000574248840576926,0.00192338016399513,0.000427231730804819,0.00277287086330325,0.0013243238260518,0.000181791399509672,0.00398512625712635,0.000769528685305861,0.00123304978367962,0.00311027388591485,0.00371088908463289,0.00206585664557297,0.00124564578671267,0.00515260242831079,0.0116058018144581,0.0107790809580327,0.00440311751068972,0.00230232287962994,0.00925896655466762,0.00669173571939278,0.0030995332928681,0.00706151368968914,0.00208976896129562,0.00860698132487024,0.00787287347961355,0.00255255321364089,0.0014834827184874,0.00094237597218585,0.0010215944968277,0.0122672203984608,0.0234113623453252,0.0134703710728173,0.0156432137689309,0.00819459450507375,0.00871892435196115,0.00236584478945596,0.00368809623182584,0.00360401560919646,0.00392432305131355,0.00327765886648287,0.00244956201581262,0.0038063492934849,0.00286716739518432,0.004083135488459,0.00210717795284963,0.00187408981905068,0.0172676836433745,0.0497289426647642,0.00485872106331381,0.00376858968711287,0.00193405938840418,0.00328785470165919,0.00244386963679953,0.0049349971268123,0.00522089082310991,0.00561493887176761,0.000135186781829403,0.00330452476077482,0.000130433239476611,0.00029943757521764,0.00292654814226028,0.00393624115981274,0.00534606871043897,0.00736136968467849,0.00395920043024873,0.00564819223518762,0.00132770913686166,0.00193951946183095,0.00139500853976097,0.0017303830763437,0.00154223653705505,0.0195025931616345,0.00557867183334758,0.0135732259259123,0.0103075719921901,0.000639020781598552,0.00329960695082766,0.00121433722093282,0.0027454988918176,0.00141443882289636,0.00191067808813899,0.00318727329075581
Monocyte (CD14- CD16+),0.00245156370345522,0.00257850434579629,0.00371075393164353,0.00211524037224274,0.00693778149985729,0.00192184062052454,0.00178983844639419,0.00123991230534612,0.0018139969597911,0.00189427918635815,0.00289207564717055,0.00245085507348216,0.00221571703685446,0.000965885576065456,0.0084612709454608,0.00154392774640565,0.00177640899124412,0.00386132836121958,0.00172239366258801,0.0011500386099306,0.00264767701504731,0.0012266354306339,0.00900105289756361,0.00504747871479849,0.00222596268230063,0.00284656798623467,0.00243502427141807,0.00254984647245651,0.0073145626284431,0.00552470640369158,0.00159663826332048,0.00774249844669615,0.0022697402840582,0.00323393210956621,0.00489431648712508,0.00216202352688354,0.00849419991234632,0.00291417085979166,0.00359076920558166,0.00414225762407795,0.00127447176207116,0.00158178013035518,0.00205904901119849,0.00395595484653338,0.00416877075609654,0.00729332528191652,0.00813095560760712,0.00141302487084713,0.00565260862578499,0.00458645689147622,0.00560156957184082,0.00263844050553589,0.00594418724536427,0.0014551465364804,0.00173626200665404,0.00192101727043634,0.00242371444719644,0.00239778925034912,0.0014730631597313,0.0022748472120807,0.00140192124234535,0.00217661355701604,0.00166572814108096,0.00511036106960711,0.00377525887693215,0.00146533587313896,0.00219642316212208,0.00242954959050778,0.00223531422094943,0.00760747366880901,0.00210630582604337,0.0010623838125325,0.00889384530235063,0.00627893045170769,0.00968892722817739,0.00211581527995578,0.00985079012585044,0.00767820259214008,0.0178520621771018,0.00662604404308661,0.00308799474253786,0.00684419762296528,0.00385026841421606,0.00318742509436072,0.00292673405972705,0.00422276474979335,0.00196233095353544,0.00336243413380367,0.0021996699929066,0.00374710787928445,0.00281533376417809,0.0046412605253784,0.00198692478320714,0.00479364117561352,0.00371255040084199,0.00412864780447347,0.00514060779788283,0.00156915946489744,0.00286799848496229,0.00281518287677606,0.00590066980787623,0.0021333959356606,0.00270319067714067,0.00272203357588419,0.00134283199189811,0.00300958918604917,0.00241727066583184,0.00305332379241981,0.00325719834486981,0.00184875820382658,0.00303027280812911,0.00135328178303162,0.00185885823854517,0.00301670168207833,0.0077829564163056,0.00244302845510487,0.00192498105990306,0.00301198254711974,0.00210688311144212,0.0021085334280591,0.00164731647392319,0.00329651138154189,0.00397281242426959,0.00218048110870006,0.00171431130938983,0.00539374011359856,0.00162229394235274,0.00275649146235341,0.00144593665131833,0.00407358598145818,0.00194244645894544,0.00261729675064724,0.00124415749242763,0.00288846956085979,0.00154817009598854,0.00254342839764124,0.00130111569694183,0.000962341536390363,0.00362693248610094,0.00127764475726803,0.0025507527049839,0.0027688202018562,0.00180055759293388,0.00173446723334488,0.00327604408108013,0.00356990151809567,0.00198720402810705,0.00248999271343179,0.00400777451046212,0.00199407869338347,0.0102224208203884,0.0163275686673449
Monocyte (CD14+ CD16-),0.164244516580182,0.0465744116654909,0.0478075981369571,0.0415137965277957,0.105783808046636,0.259572627359471,0.117310392709608,0.124202616765461,0.0795093972501017,0.126591034368863,0.11249646714551,0.0676666478600967,0.0600195654996558,0.280039185151398,0.178699956038702,0.686679842192248,0.531176449869325,0.518589316436176,0.0538508260567707,0.198606998380961,0.130388382401007,0.293356183767344,0.189843388207835,0.414895612281547,0.340695191950638,0.320321877043111,0.0523193894286478,0.112603708792031,0.18905367928936,0.359843868260549,0.515687953351381,0.0613065828066323,0.299132164072444,0.220856541733836,0.13937413891917,0.136697185392758,0.260909756754822,0.218019976761249,0.262495544209334,0.0387725735858957,0.260809148977784,0.0993696707939018,0.0165828195713905,0.229331492134729,0.140788066474652,0.365977216290065,0.384407811973273,0.0540953340199912,0.158487187645002,0.158363346307261,0.0425593241542991,0.145311203341517,0.0621363389740362,0.219676703567922,0.0651098141408408,0.156727240906978,0.22701519638846,0.283024277142944,0.0797662684083675,0.180811308854034,0.331889723819428,0.0995670993461965,0.0352748510979347,0.0834948599545662,0.128367460374366,0.325229394580718,0.102300583058355,0.255866301277701,0.140744041696291,0.489910503026158,0.0223064219120183,0.101135895489444,0.422406059580576,0.119770496145623,0.243402387836248,0.0498929399806997,0.303425602993596,0.262634245907255,0.219781555098463,0.210954418239372,0.267084294893891,0.121623653935411,0.187861550871737,0.347039698884253,0.554550880676459,0.321284777647527,0.383346972180851,0.0862225554807259,0.118022378176392,0.0920946402022869,0.219656541052395,0.274471881032987,0.281321598623788,0.197053381459299,0.257110110727192,0.261654722229711,0.0501810659366415,0.0569648023072522,0.0479121031542525,0.0990747251439768,0.332763565168015,0.354514298199915,0.449455255859572,0.15257317840586,0.0397452737138317,0.165617210050388,0.200084719976835,0.0154618320036601,0.134522597264338,0.256934139817061,0.0528056497019738,0.189918567054264,0.0728280794453065,0.11592862647383,0.127632164393856,0.0553273465492747,0.179612421075114,0.0529535317894422,0.303959134316681,0.210830774142403,0.283202427208582,0.172243938334048,0.0320912938328318,0.243018649254232,0.0719315605771054,0.190010392659866,0.0388350177318963,0.131308883198112,0.0563400380771705,0.240019309292893,0.0550837439345052,0.230624556298514,0.220627268501753,0.285459618472348,0.0762309283086401,0.0908272563005937,0.530495834742071,0.193512405336055,0.059049650640963,0.0397704075417048,0.160044888467977,0.134699357346389,0.0634121207569944,0.0713424463097313,0.294828327718443,0.10603791739817,0.369616222552944,0.134335962897159,0.104635889101388,0.196100789576164,0.102248780710319,0.124649982051086
Monocyte (CD14+ CD16+),0.00222605971639166,0.00128818217888906,0.00214299644904564,0.00097864901027664,0.00180064987559781,0.0607060584883648,0.00543981284559762,0.00649578057286928,0.00212700535689449,0.00292958981157027,0.00121445096594631,0.00164293097285005,0.000636391824012364,0.0108045232223001,0.00436873447258317,0.0153948272263325,0.0108454315027649,0.0133693961763923,0.00107794371395241,0.00411308613406869,0.000741664189558703,0.0012152555653262,0.00482085852527869,0.0100593385830713,0.00955886468707448,0.00659347480381413,0.0110266467283303,0.00891466830094297,0.000858022652684501,0.0436146141808236,0.0025526166885846,0.0234702393783631,0.00188540938531423,0.00104570496757859,0.00273021286768446,0.000722785783310347,0.00620562253137215,0.00434244787877669,0.00538178653754857,0.000396375619349725,0.0035887276046571,0.00302078351461643,0.000357619148573598,0.00133823389342702,0.00788939055093492,0.0176980943296588,0.0096053384219097,0.00148951670030757,0.00395128451185238,0.00121213730962873,0.00161460133778602,0.00456857756846702,0.000427799741308544,0.000991626022183856,0.000888452839476126,0.00110320349268899,0.00581218257564224,0.00128907765166411,0.0031775219561301,0.0109247347875779,0.0182110554154969,0.00324785015624688,0.000873963617769108,0.00222208856722066,0.00760432469700348,0.00610199566309294,0.0182224204900185,0.0352000822935099,0.023042541285176,0.0352303881352796,0.00168927657273431,0.00263817621184163,0.0172402038815106,0.00104837391128333,0.00911758708336959,0.000403404725513517,0.00793800486915053,0.00976581218665904,0.00574819320007178,0.0084184405270668,0.00720366582780656,0.0042885359738341,0.00105950693781236,0.00134317698027975,0.0284224517390466,0.0139115300937795,0.0236621029539426,0.00300282007088138,0.00704901763458482,0.0110414695031421,0.0108766581028994,0.0161641574546316,0.00114514951868257,0.0047473937408595,0.00496523496865846,0.00153880650164263,0.0015154557588684,0.00108210983033106,0.00338482679044684,0.00626146063469457,0.00208372815882458,0.0168942379721269,0.0553147573671599,0.000731121208970481,0.000491821121884502,0.00462117232597355,0.00421421839811036,0.000359442553516142,0.00333444177846177,0.00147038082455701,0.000532694008760358,0.00413190681122792,0.00159991886808601,0.0034651637062264,0.00500963253116125,0.001535422493746,0.00786556140099592,0.00276818819433922,0.0131042398098261,0.00105765680184454,0.00824706095133647,0.00770821559984841,0.000753158679262501,0.0499141705941955,0.00125480669299247,0.0353886010876804,0.000549233976105454,0.00314561656263089,0.00301558698793551,0.0120369685280651,0.000650012790936795,0.000991103128602327,0.0159852860070052,0.00493587685766541,0.00255110814667172,0.00180796456052605,0.0296062685478548,0.00611891131839819,0.00112703710263274,0.00480637775679601,0.00444011178971847,0.000803177636021498,0.00187793785551219,0.000554330444232941,0.0134685372579843,0.00427687791300819,0.0245746027516169,0.000728213896949172,0.0108784998692532,0.00914170584023156,0.000754509791550391,0.00752542440668616
NK Cell (CD56+ CD16-),0.0939197580969821,0.296614594245469,0.28102143454856,0.0681173039495919,0.211504875999508,0.0334691915681196,0.0331958230879815,0.0297159015912086,0.0852130402558335,0.0209221407599081,0.0359120076369915,0.02502356345459,0.0761946670827293,0.0443744363823679,0.0296327757382278,0.036965345733818,0.0468544044063553,0.0183162176759287,0.12841192457912,0.0834638222832556,0.0514005076139123,0.102009176368064,0.129383048979667,0.0403080495591941,0.086674173405671,0.064246395795816,0.0595161683923585,0.071613774234835,0.0342614104665051,0.0581281604556225,0.0252098284845863,0.0747146792513144,0.0385326264571156,0.085742697316154,0.10141013624432,0.039587190503293,0.0378625639922704,0.0504534603736371,0.0222409250802149,0.0882774133804959,0.0475126909595963,0.0800901083031463,0.0981533668273393,0.0582349358724901,0.102474098691213,0.040774373437273,0.0418524058948331,0.0402754496744909,0.0498613849590705,0.039677575392371,0.0714278905694914,0.0674081116091775,0.024047634456049,0.0153450848555216,0.0143809369360092,0.0213518954107416,0.0964504725491005,0.0466077679574285,0.0208494618293878,0.0232657007782183,0.0462109597699219,0.0251962965030095,0.0605455634101041,0.0759643553969408,0.255059889473745,0.0346236671165762,0.0379149213599737,0.0560110966445301,0.0285019406927347,0.0212497922330079,0.0670780947479202,0.0353564086454664,0.039370276338397,0.0666203651432331,0.0503557074520045,0.0692130052647444,0.0589003393802378,0.0616151786262983,0.064900123479066,0.114223742041285,0.079715925044646,0.0620836344532607,0.157206131764784,0.0630430726983306,0.0243015141815747,0.0845767682375298,0.0349328613659551,0.045948345959135,0.0770133861461891,0.0848859737981697,0.154216170099472,0.0697527617232012,0.11934569605902,0.0100598558031064,0.0192028109452659,0.0534841593227866,0.039621123307915,0.098679993010701,0.084561633676065,0.0633655987342688,0.182736366785497,0.186640700049402,0.0834593490409467,0.171615469277823,0.0756580522422045,0.0369453819468596,0.0214435889526945,0.03975955114473,0.0271516978144419,0.0337763819935381,0.0511374130831938,0.0589960034814817,0.0171715720985505,0.0274297068854327,0.0212963891301394,0.0535249507059944,0.0314651034711755,0.0648146109976813,0.0518208949191195,0.0479980956045416,0.0281113712499506,0.0713779251224418,0.145560948337131,0.0452323886382492,0.0815155469809956,0.0614533094617378,0.123642651003391,0.026392065572807,0.128739886843095,0.0970041104522673,0.147646746671814,0.105084804794877,0.0778720417320758,0.0824324349997268,0.0536426851686334,0.147144828739151,0.0424757183922223,0.0165564661067947,0.0210144000339762,0.0318128052416475,0.027310057449764,0.0669348669163613,0.063501966845573,0.0501928526095027,0.0435407988953941,0.00842642954124646,0.0615736575020734,0.174449664946287,0.0544586998820349,0.0630395898387943,0.166161869731955,0.0891279067540784
NK Cell (CD56+ CD16+),0.0958263204851441,0.112492712148666,0.0467789871459834,0.0100452658069313,0.018426892291863,0.026699348926834,0.0247159221096734,0.0136106310387852,0.00345580495823736,0.00381303031665813,0.00735105362551205,0.0075226480984548,0.0235539442827963,0.0230808739688946,0.0139496621550975,0.0114166776902938,0.0279661262820836,0.0216494828333721,0.0716339342013001,0.0732478329227913,0.0585285772026347,0.0229820741515679,0.013295247270835,0.0501736095004409,0.0758231790299421,0.0175093595887436,0.0413906134023155,0.123158829787136,0.0340453561051519,0.0836067113784683,0.00949792384285294,0.0425822655440461,0.0169966904844699,0.0296000752405447,0.0470384896946136,0.0731967381567865,0.0101280932054663,0.0221191030236041,0.00561707654797338,0.0143804360353288,0.00568065992275244,0.162342928256424,0.00560412559916105,0.0154787152114189,0.0392310049377034,0.0249002417175282,0.0197690750393029,0.0634556968718273,0.0454846389431958,0.0251117914468005,0.0719911921602278,0.074954235233596,0.0493703915255997,0.0204458777117193,0.041279503245909,0.031112443583686,0.0325521808774897,0.0260360800181944,0.0151435364219996,0.0263269029488621,0.00811607144328094,0.00514052837772131,0.0112696597318187,0.00973746194076479,0.0389047553645021,0.00293743882360221,0.0330774291993036,0.0624896795787227,0.0213691561753497,0.0226439944071539,0.029271902201171,0.0268737961160748,0.0344888786694766,0.0406377149774452,0.0377285121216304,0.0234284097377519,0.010472038870633,0.0109633521903601,0.0071191996976397,0.0225934792346665,0.0133641675702519,0.0428592039950711,0.0319338668264436,0.0285858110493237,0.0212025400528703,0.0596005896465812,0.0132155147848455,0.0426195727796045,0.0613708900308993,0.0648379235531067,0.0129894912465773,0.0140357679293465,0.0123556410684959,0.0215697496789805,0.0168973958339975,0.0249909868572075,0.0460801738873036,0.0496995510702661,0.126811755989391,0.0856454914134685,0.00975499937789543,0.0396380193341721,0.0282267378800548,0.0746526542239495,0.0534633384221886,0.0646835645813154,0.0339089018815034,0.0232182371398459,0.00673886895070551,0.0156510130511837,0.0366409576843326,0.0173696989787723,0.0259183301708199,0.0369454555853031,0.0590837668498588,0.112415724153725,0.0430147152091988,0.0541077468421724,0.0524844560790791,0.0192875903267406,0.0317592128616178,0.0334726614566494,0.0159557409298281,0.00824200886135761,0.0130030680337939,0.0117296255458632,0.129656411219008,0.133141282394692,0.0908858596983362,0.0567064701073383,0.00693893221486643,0.00962345310871508,0.00999076729712797,0.0702392380392635,0.0982192667219173,0.100008127137299,0.0113521179855831,0.0187516204567758,0.0178133148601448,0.0145188869486122,0.00532220168385893,0.0555955441075177,0.133444327542597,0.073155367590895,0.0171783771505495,0.0118531607473959,0.0119591205880314,0.0174349533840414,0.0376440170552829,0.00897547418729139,0.00857532652553177,0.00981112701010825
NKT Cell,0.0129687824189493,0.0102554675470587,0.0130545149888909,0.0260742715227514,0.0141787496299185,0.0139352824682999,0.00895593245638427,0.00868151983651396,0.0111856609408787,0.000699602600611059,0.00158019357058265,0.000534510372766798,0.036361809136018,0.0494647757551532,0.0120360884617979,0.00120941782396763,0.00664334160855975,0.00193577203218019,0.0776465910009884,0.0428314217333173,0.0444591357264952,0.0366835946282454,0.00146909611179316,0.00258915437499539,0.0073101248493648,0.00819554372539785,0.0177566508073522,0.01845423898587,0.0091089042829702,0.0344941790928801,0.0168191411283584,0.0298359431607557,0.0123224382449066,0.00752838316798301,0.00775353371129041,0.00263844461957137,0.00712382482344731,0.00452085251277975,0.00234443124049626,0.0236420847390216,0.0211787522433486,0.00925355101648701,0.0073131118296827,0.00799632851874768,0.0119270275267313,0.00896770990814669,0.00597433973955579,0.0360163951020225,0.020793550255301,0.0246592339577051,0.0516992210875103,0.0756793135377744,0.0658419406862552,0.0120628659536206,0.0207404324710701,0.0272205390765389,0.0156965975095182,0.0124874994894562,0.00149890614826429,0.00741991630848006,0.00781975267240176,0.00144803839050111,0.00158807110303127,0.00325860055659072,0.0107720825697257,0.00780475854067687,0.000583383975377956,0.0167258414225958,5.75913249508394e-05,0.0277033562001647,0.0223124982580543,0.00790335545926047,0.0310318447442815,0.0373237806697229,0.0320586488365882,0.0209906640190939,0.00747129647713584,0.00333445971820589,0.0104667483476537,0.00957072410163282,0.00187266432245183,0.0103614311327921,0.0177970001834659,0.00993892390069357,0.000651869277238809,0.00753946513582141,0.0058947699132667,0.00264974266615449,0.0125535806413569,0.0137000279664272,0.00880981203766899,0.00174688912652557,0.00317095363650261,0.00161178167888445,0.0140013653907272,0.0119844994323458,0.0147174262238976,0.0162928263086151,0.0141933208745984,0.0172090316733358,0.0156727222113288,0.00881986543396169,0.0137899523439867,0.0136749234968114,0.014656374205467,0.0134756163753322,0.010807177587344,0.0117434834689076,0.00107949691249812,0.012154531656051,0.0123378729944436,0.00546990934863655,0.0225497746733202,0.0481720844801284,0.0534984263589076,0.0973040267897413,0.0361941770406453,0.0460611397671253,0.050650615089667,0.0157933256394999,0.00715868928588054,5.75913249508394e-05,0.00677762294862907,0.0341183674434768,0.0446771686476452,0.0307786475199407,0.0458826487191263,0.0324032014687042,0.0460848492100986,0.0335505701800644,0.00249918458423847,0.000818553026422674,5.75913249508394e-05,0.0142670012255361,0.022320561448324,0.0165270879614621,5.75913249508394e-05,0.0608294159783791,0.0630682886569034,0.0585412413048794,0.0511319195362225,0.0235018749718394,0.0158605952822599,0.0187648697194387,0.0179876936217652,0.00183548517363901,0.00869334984784255,0.00606303375715503,0.00887085543183861,0.011373409305269,0.0798439194197097,0.0970234716072096
Root_unassigned,0.00244676175224495,4.27637479141864e-05,0.000114764388974967,0.000406856594582626,0.000192034574441988,7.13894576720523e-05,6.19092150020002e-05,0.000227458189514203,0.000144664569585542,0.00224753090378408,0.00111796055394413,0.000388779628796285,0.000887998279846943,0.000721883140392147,0.000983497063834363,0.000155140745108665,5.95311374759982e-05,0.000146499891944807,0.000154358465367903,0.000703484475292648,0.000152096131273561,0.000193231734168458,0.000121657079119838,0.000693008926567699,0.000741044714195427,0.00330000347328988,6.33235440470519e-05,6.74609546293856e-05,2.67689870793472e-05,8.57685729755818e-05,0.0004391808076931,7.38733033388978e-05,3.61408315761001e-05,7.52020517263864e-05,0.000149721771591179,8.658384476563e-05,0.00310818544658648,0.000604979314862439,0.00333076360522004,0.000269077600672472,0.000541191040359028,0.000149477733335345,0.000236251095160386,0.000448095499007994,0.00298673317399666,9.08456629889535e-05,0.00183456456406351,0.00158789552169908,0.0024712935167015,0.000814196423994383,0.000106207316986964,0.000108414182674153,7.13005956670381e-05,0.000202520952364213,0.000209662117111037,3.73350764399742e-05,0.000656435298337462,0.000476526239471442,4.08862850935454e-05,5.16246084606303e-05,8.39690862210481e-05,0.00383119162412549,0.00659679316982579,0.0047884652255712,0.000129239512291921,0.003552661601378,0.000271466490194692,0.000225220150723229,7.76865615945882e-05,0.00268754347422912,0.000942435441196226,0.00662552292358851,0.00304253610538919,0.000250593526846031,0.000296970928355678,0.000245677612136884,0.00325011719445786,0.00173876624518891,0.000930017265270393,0.00017801447002207,0.000488487192953982,0.000131616387253528,0.000122660346890797,5.20288908210273e-05,0.00019363607948562,0.000156498958573236,0.000236773698535385,4.1035555372197e-05,8.87481100409698e-05,0.00016028682030743,0.000144779077047217,5.44460502278456e-05,0.000294786943419595,0.000120236034426301,8.37795464881649e-05,0.000111728500489346,0.000181334134152572,0.000402636249713906,9.23755437610013e-05,6.59496574236106e-05,0.00117735012186723,0.00137526678933859,0.000103557179606946,0.00173910323811586,5.26287542588796e-05,0.000453036530122815,0.0046805647768774,0.00145849592457344,0.000629611583413911,0.000208903842635548,0.000322349636288742,0.000352719578537796,0.000748516330998691,0.000143774035340707,0.000186648553982118,0.00137358619004804,0.00074103007743729,0.000152997469034713,9.59639086624994e-05,0.000161350673758011,9.63739809592251e-05,0.000265882562613897,0.000282904775460504,0.000210355400041024,0.00177507030949812,0.00261216048411043,0.000122554663701681,0.000125628523147787,3.120480286916e-05,0.00101851616462498,0.000131081004695432,0.000308346921578833,0.00033269910155214,0.000116488795533971,0.000145604034725558,0.000109166926658385,0.00011910982394551,0.000189225503594016,0.000109167061037711,9.17630230428571e-05,0.000980131342574547,0.00065613244482507,0.000135545127269026,0.000369349515906779,0.000725928697212428,2.94187215667411e-05,4.83143330786706e-05,8.97504020539464e-05,5.26987924709679e-05,0.00171091392473313,0.000747097279083024,0.000180849361323841
T Cell_unassigned,0.0,0.0,0.0,6.45804118385121e-05,0.000450150461250062,2.60076670602494e-05,0.0,0.0,0.0,0.0,3.02868439456599e-05,0.0,3.55993506678438e-05,4.3170945168975e-05,0.000272681235635542,0.0,0.0,0.0,0.0,0.0,0.0,0.0,0.0,0.0,0.0,4.4258068799168e-05,0.0,0.0,0.0,0.0,0.0,0.0,5.86834780859126e-05,0.0,0.0,0.0,0.0,0.0,3.96234638832127e-05,4.36981084961608e-05,0.0,0.0,0.0,0.0,0.0,0.0,0.0,0.0,0.0,3.09671026146557e-05,0.0,0.0,0.0,0.0,0.0,0.0,6.76525141365566e-05,0.0,0.0,0.0,0.0,0.0,0.0,0.0,0.0,0.0,5.04184733286276e-05,0.0,0.0,0.0,0.0,0.0,0.0,3.98654143611169e-05,9.44206819061647e-06,0.0,0.0,0.0,0.0,0.0,0.0,2.80605659254936e-05,0.0,0.0,0.0,0.0,0.0,0.0,0.0,0.0,5.74772703521789e-05,0.0,0.0,0.0,0.0,0.0,3.43551537638525e-05,0.0,0.0,3.49316504040428e-05,0.0,0.0,0.0,0.0,0.0,6.37738833193031e-05,6.07321257762325e-05,0.0,0.0,0.0,2.93202109100505e-05,6.66690909972484e-05,0.0,2.82727072248076e-05,0.0,0.0,0.0,0.0,0.0,0.000218880514901622,1.99629259945815e-05,0.0,0.0,8.07997708224682e-05,0.000150675418943176,0.000223118114113375,0.0,6.64089997476458e-05,4.14073776116225e-05,0.0,0.000111706881143878,0.0,0.0,0.0,0.0,0.0,0.000224405325886401,0.0,0.0,5.26464723573116e-05,5.93060011742588e-05,0.0,0.0,0.0,0.0,0.0,0.0,0.0,0.0,0.0,0.0,0.0
